pdb,seq_loss,nsr,potts_loss
6w25|A|B,,0.0,6.106490135192871
6w25|B|A,,0.4059829115867615,3.257877826690674
6w25|A:B|,10.794076919555664,0.36210525035858154,3.293936252593994
3gg7,8.253158569335938,0.5596708059310913,2.648731231689453
4jox,11.028231620788574,0.4237288236618042,3.0921273231506348
2yc3,inf,0.39823007583618164,3.093809127807617
